"","sex","energy","ind.num","ind.energy","temp","blank","movement.num","blank_2"
"1","f","9.16330082101096","1","0","104.753853674311",NA,"0",NA
"2","f","9.16330082101096","1","0","104.753853674311",NA,"0",NA
"3","f","9.16330082101096","1","0","104.753853674311",NA,"0",NA
"4","f","9.16330082101096","1","0","104.753853674311",NA,"0",NA
"5","f","9.16330082101096","1","0","104.753853674311",NA,"0",NA
"6","f","9.16330082101096","1","10","71.8427855758019",NA,"1",NA
"7","f","9.16330082101096","1","10","71.8427855758019",NA,"1",NA
"8","f","9.16330082101096","1","10","71.8427855758019",NA,"1",NA
"9","f","9.16330082101096","1","10","71.8427855758019",NA,"1",NA
"10","f","9.16330082101096","1","10","71.8427855758019",NA,"1",NA
"11","m","14.1683497269401","2","10","71.8427855758019",NA,"0",NA
"12","m","14.1683497269401","2","10","71.8427855758019",NA,"0",NA
"13","m","14.1683497269401","2","10","71.8427855758019",NA,"0",NA
"14","m","14.1683497269401","2","10","71.8427855758019",NA,"0",NA
"15","m","14.1683497269401","2","10","71.8427855758019",NA,"0",NA
"16","m","14.1683497269401","2","10","71.8427855758019",NA,"0",NA
"17","m","14.1683497269401","2","10","71.8427855758019",NA,"0",NA
"18","m","14.1683497269401","2","10","71.8427855758019",NA,"0",NA
"19","m","14.1683497269401","2","10","71.8427855758019",NA,"0",NA
"20","m","14.1683497269401","2","10","71.8427855758019",NA,"0",NA
"21","f","11.7486472307215","3","10","71.8427855758019",NA,"0",NA
"22","f","11.7486472307215","3","10","71.8427855758019",NA,"0",NA
"23","f","11.7486472307215","3","10","71.8427855758019",NA,"0",NA
"24","f","11.7486472307215","3","10","71.8427855758019",NA,"0",NA
"25","f","11.7486472307215","3","0","80.4969477959464",NA,"1",NA
"26","f","11.7486472307215","3","0","80.4969477959464",NA,"1",NA
"27","f","11.7486472307215","3","0","80.4969477959464",NA,"1",NA
"28","f","11.7486472307215","3","0","80.4969477959464",NA,"1",NA
"29","f","11.7486472307215","3","0","85.8867142927807",NA,"2",NA
"30","f","11.7486472307215","3","0","85.8867142927807",NA,"2",NA
"31","m","12.739414884414","4","0","85.8867142927807",NA,"0",NA
"32","m","12.739414884414","4","0","85.8867142927807",NA,"0",NA
"33","m","12.739414884414","4","0","85.8867142927807",NA,"0",NA
"34","m","12.739414884414","4","0","85.8867142927807",NA,"0",NA
"35","m","12.739414884414","4","0","85.8867142927807",NA,"0",NA
"36","m","12.739414884414","4","0","85.8867142927807",NA,"0",NA
"37","m","12.739414884414","4","0","85.8867142927807",NA,"0",NA
"38","m","12.739414884414","4","0","85.8867142927807",NA,"0",NA
"39","m","12.739414884414","4","0","85.8867142927807",NA,"0",NA
"40","m","12.739414884414","4","0","85.8867142927807",NA,"0",NA
"41","m","10.6563276039527","5","0","85.8867142927807",NA,"0",NA
"42","m","10.6563276039527","5","0","85.8867142927807",NA,"0",NA
"43","m","10.6563276039527","5","0","85.8867142927807",NA,"0",NA
"44","m","10.6563276039527","5","0","85.8867142927807",NA,"0",NA
"45","m","10.6563276039527","5","0","85.8867142927807",NA,"0",NA
"46","m","10.6563276039527","5","0","85.8867142927807",NA,"0",NA
"47","m","10.6563276039527","5","0","88.3141472607846",NA,"1",NA
"48","m","10.6563276039527","5","0","88.3141472607846",NA,"1",NA
"49","m","10.6563276039527","5","0","88.3141472607846",NA,"1",NA
"50","m","10.6563276039527","5","0","88.3141472607846",NA,"1",NA
"51","m","9.81122338510053","6","0","88.3141472607846",NA,"0",NA
"52","m","9.81122338510053","6","0","88.3141472607846",NA,"0",NA
"53","m","9.81122338510053","6","0","88.3141472607846",NA,"0",NA
"54","m","9.81122338510053","6","0","88.3141472607846",NA,"0",NA
"55","m","9.81122338510053","6","0","88.3141472607846",NA,"0",NA
"56","m","9.81122338510053","6","0","88.3141472607846",NA,"0",NA
"57","m","9.81122338510053","6","0","88.3141472607846",NA,"0",NA
"58","m","9.81122338510053","6","0","88.3141472607846",NA,"0",NA
"59","m","9.81122338510053","6","0","88.3141472607846",NA,"0",NA
"60","m","9.81122338510053","6","0","104.244277653673",NA,"1",NA
"61","f","6.21215110654317","7","0","104.244277653673",NA,"0",NA
"62","f","6.21215110654317","7","0","104.244277653673",NA,"0",NA
"63","f","6.21215110654317","7","0","104.244277653673",NA,"0",NA
"64","f","6.21215110654317","7","7","76.4538462321192",NA,"1",NA
"65","f","6.21215110654317","7","7","76.4538462321192",NA,"1",NA
"66","f","6.21215110654317","7","7","76.4538462321192",NA,"1",NA
"67","f","6.21215110654317","7","7","76.4538462321192",NA,"1",NA
"68","f","6.21215110654317","7","7","76.4538462321192",NA,"1",NA
"69","f","6.21215110654317","7","7","76.4538462321192",NA,"1",NA
"70","f","6.21215110654317","7","0","55.1751464961316",NA,"2",NA
"71","m","5.67365255166501","8","0","55.1751464961316",NA,"0",NA
"72","m","5.67365255166501","8","0","55.1751464961316",NA,"0",NA
"73","m","5.67365255166501","8","0","55.1751464961316",NA,"0",NA
"74","m","5.67365255166501","8","0","55.1751464961316",NA,"0",NA
"75","m","5.67365255166501","8","0","55.1751464961316",NA,"0",NA
"76","m","5.67365255166501","8","0","55.1751464961316",NA,"0",NA
"77","m","5.67365255166501","8","0","55.1751464961316",NA,"0",NA
"78","m","5.67365255166501","8","0","55.1751464961316",NA,"0",NA
"79","m","5.67365255166501","8","0","55.1751464961316",NA,"0",NA
"80","m","5.67365255166501","8","0","55.1751464961316",NA,"0",NA
"81","f","10.2105254862565","9","0","55.1751464961316",NA,"0",NA
"82","f","10.2105254862565","9","9","83.3657949408568",NA,"1",NA
"83","f","10.2105254862565","9","9","83.3657949408568",NA,"1",NA
"84","f","10.2105254862565","9","9","83.3657949408568",NA,"1",NA
"85","f","10.2105254862565","9","9","83.3657949408568",NA,"1",NA
"86","f","10.2105254862565","9","9","83.3657949408568",NA,"1",NA
"87","f","10.2105254862565","9","9","83.3657949408568",NA,"1",NA
"88","f","10.2105254862565","9","9","83.3657949408568",NA,"1",NA
"89","f","10.2105254862565","9","9","83.3657949408568",NA,"1",NA
"90","f","10.2105254862565","9","9","83.3657949408568",NA,"1",NA
"91","m","11.5266617558288","10","9","83.3657949408568",NA,"0",NA
"92","m","11.5266617558288","10","9","83.3657949408568",NA,"0",NA
"93","m","11.5266617558288","10","9","83.3657949408568",NA,"0",NA
"94","m","11.5266617558288","10","9","83.3657949408568",NA,"0",NA
"95","m","11.5266617558288","10","9","83.3657949408568",NA,"0",NA
"96","m","11.5266617558288","10","9","83.3657949408568",NA,"0",NA
"97","m","11.5266617558288","10","9","83.3657949408568",NA,"0",NA
"98","m","11.5266617558288","10","0","77.0394124673823",NA,"1",NA
"99","m","11.5266617558288","10","0","77.0394124673823",NA,"1",NA
"100","m","11.5266617558288","10","0","77.0394124673823",NA,"1",NA
"101","m","6.0684437765975","11","0","77.0394124673823",NA,"0",NA
"102","m","6.0684437765975","11","0","77.4089359217231",NA,"1",NA
"103","m","6.0684437765975","11","0","77.4089359217231",NA,"1",NA
"104","m","6.0684437765975","11","0","77.4089359217231",NA,"1",NA
"105","m","6.0684437765975","11","0","77.4089359217231",NA,"1",NA
"106","m","6.0684437765975","11","0","77.4089359217231",NA,"1",NA
"107","m","6.0684437765975","11","0","77.4089359217231",NA,"1",NA
"108","m","6.0684437765975","11","0","77.4089359217231",NA,"1",NA
"109","m","6.0684437765975","11","0","77.4089359217231",NA,"1",NA
"110","m","6.0684437765975","11","0","77.4089359217231",NA,"1",NA
"111","m","9.95711327722064","12","0","77.4089359217231",NA,"0",NA
"112","m","9.95711327722064","12","0","77.4089359217231",NA,"0",NA
"113","m","9.95711327722064","12","0","77.4089359217231",NA,"0",NA
"114","m","9.95711327722064","12","0","77.4089359217231",NA,"0",NA
"115","m","9.95711327722064","12","10","84.7844353031618",NA,"1",NA
"116","m","9.95711327722064","12","10","84.7844353031618",NA,"1",NA
"117","m","9.95711327722064","12","8","77.4063024522577",NA,"2",NA
"118","m","9.95711327722064","12","8","77.4063024522577",NA,"2",NA
"119","m","9.95711327722064","12","8","77.4063024522577",NA,"2",NA
"120","m","9.95711327722064","12","8","77.4063024522577",NA,"2",NA
"121","f","10.8122309345406","13","8","77.4063024522577",NA,"0",NA
"122","f","10.8122309345406","13","8","77.4063024522577",NA,"0",NA
"123","f","10.8122309345406","13","8","77.4063024522577",NA,"0",NA
"124","f","10.8122309345406","13","8","77.4063024522577",NA,"0",NA
"125","f","10.8122309345406","13","8","77.4063024522577",NA,"0",NA
"126","f","10.8122309345406","13","8","77.4063024522577",NA,"0",NA
"127","f","10.8122309345406","13","8","77.4063024522577",NA,"0",NA
"128","f","10.8122309345406","13","0","95.1113205626874",NA,"1",NA
"129","f","10.8122309345406","13","0","95.1113205626874",NA,"1",NA
"130","f","10.8122309345406","13","0","95.1113205626874",NA,"1",NA
"131","m","7.89269243278521","14","0","95.1113205626874",NA,"0",NA
"132","m","7.89269243278521","14","0","95.1113205626874",NA,"0",NA
"133","m","7.89269243278521","14","0","95.1113205626874",NA,"0",NA
"134","m","7.89269243278521","14","0","86.0989230248732",NA,"1",NA
"135","m","7.89269243278521","14","0","86.0989230248732",NA,"1",NA
"136","m","7.89269243278521","14","0","86.0989230248732",NA,"1",NA
"137","m","7.89269243278521","14","0","86.0989230248732",NA,"1",NA
"138","m","7.89269243278521","14","0","86.0989230248732",NA,"1",NA
"139","m","7.89269243278521","14","0","86.0989230248732",NA,"1",NA
"140","m","7.89269243278521","14","0","86.0989230248732",NA,"1",NA
"141","f","11.5488187815832","15","0","86.0989230248732",NA,"0",NA
"142","f","11.5488187815832","15","0","86.0989230248732",NA,"0",NA
"143","f","11.5488187815832","15","0","90.1744843429093",NA,"1",NA
"144","f","11.5488187815832","15","0","90.1744843429093",NA,"1",NA
"145","f","11.5488187815832","15","0","90.1744843429093",NA,"1",NA
"146","f","11.5488187815832","15","0","90.1744843429093",NA,"1",NA
"147","f","11.5488187815832","15","0","90.1744843429093",NA,"1",NA
"148","f","11.5488187815832","15","0","90.1744843429093",NA,"1",NA
"149","f","11.5488187815832","15","0","90.1744843429093",NA,"1",NA
"150","f","11.5488187815832","15","0","90.1744843429093",NA,"1",NA
"151","f","9.69738715610553","16","0","90.1744843429093",NA,"0",NA
"152","f","9.69738715610553","16","0","90.1744843429093",NA,"0",NA
"153","f","9.69738715610553","16","8","69.9569855680774",NA,"1",NA
"154","f","9.69738715610553","16","8","69.9569855680774",NA,"1",NA
"155","f","9.69738715610553","16","8","69.9569855680774",NA,"1",NA
"156","f","9.69738715610553","16","8","69.9569855680774",NA,"1",NA
"157","f","9.69738715610553","16","8","69.9569855680774",NA,"1",NA
"158","f","9.69738715610553","16","8","69.9569855680774",NA,"1",NA
"159","f","9.69738715610553","16","0","74.0604070721353",NA,"2",NA
"160","f","9.69738715610553","16","0","74.0604070721353",NA,"2",NA
"161","m","7.41490583585684","17","11","96.8565482321311",NA,"1",NA
"162","m","7.41490583585684","17","11","96.8565482321311",NA,"1",NA
"163","m","7.41490583585684","17","11","96.8565482321311",NA,"1",NA
"164","m","7.41490583585684","17","11","96.8565482321311",NA,"1",NA
"165","m","7.41490583585684","17","11","96.8565482321311",NA,"1",NA
"166","m","7.41490583585684","17","11","96.8565482321311",NA,"1",NA
"167","m","7.41490583585684","17","11","96.8565482321311",NA,"1",NA
"168","m","7.41490583585684","17","0","87.793049007225",NA,"2",NA
"169","m","7.41490583585684","17","0","87.793049007225",NA,"2",NA
"170","m","7.41490583585684","17","0","87.793049007225",NA,"2",NA
"171","f","7.39890748970913","18","0","87.793049007225",NA,"0",NA
"172","f","7.39890748970913","18","0","87.793049007225",NA,"0",NA
"173","f","7.39890748970913","18","0","87.793049007225",NA,"0",NA
"174","f","7.39890748970913","18","0","87.793049007225",NA,"0",NA
"175","f","7.39890748970913","18","0","87.793049007225",NA,"0",NA
"176","f","7.39890748970913","18","0","87.793049007225",NA,"0",NA
"177","f","7.39890748970913","18","0","87.793049007225",NA,"0",NA
"178","f","7.39890748970913","18","0","87.793049007225",NA,"0",NA
"179","f","7.39890748970913","18","0","87.793049007225",NA,"0",NA
"180","f","7.39890748970913","18","0","87.793049007225",NA,"0",NA
"181","f","6.70507014703719","19","0","87.793049007225",NA,"0",NA
"182","f","6.70507014703719","19","0","87.793049007225",NA,"0",NA
"183","f","6.70507014703719","19","0","87.793049007225",NA,"0",NA
"184","f","6.70507014703719","19","0","87.793049007225",NA,"0",NA
"185","f","6.70507014703719","19","0","87.793049007225",NA,"0",NA
"186","f","6.70507014703719","19","0","87.793049007225",NA,"0",NA
"187","f","6.70507014703719","19","0","87.793049007225",NA,"0",NA
"188","f","6.70507014703719","19","0","87.793049007225",NA,"0",NA
"189","f","6.70507014703719","19","0","87.793049007225",NA,"0",NA
"190","f","6.70507014703719","19","0","87.793049007225",NA,"0",NA
"191","f","10.7530878669436","20","0","87.793049007225",NA,"0",NA
"192","f","10.7530878669436","20","0","87.793049007225",NA,"0",NA
"193","f","10.7530878669436","20","0","87.793049007225",NA,"0",NA
"194","f","10.7530878669436","20","0","87.793049007225",NA,"0",NA
"195","f","10.7530878669436","20","0","87.793049007225",NA,"0",NA
"196","f","10.7530878669436","20","0","87.793049007225",NA,"0",NA
"197","f","10.7530878669436","20","0","87.793049007225",NA,"0",NA
"198","f","10.7530878669436","20","0","87.793049007225",NA,"0",NA
"199","f","10.7530878669436","20","11","91.9371311390029",NA,"1",NA
"200","f","10.7530878669436","20","11","91.9371311390029",NA,"1",NA
"201","f","9.69141246599889","21","11","91.9371311390029",NA,"0",NA
"202","f","9.69141246599889","21","11","91.9371311390029",NA,"0",NA
"203","f","9.69141246599889","21","11","91.9371311390029",NA,"0",NA
"204","f","9.69141246599889","21","11","91.9371311390029",NA,"0",NA
"205","f","9.69141246599889","21","11","91.9371311390029",NA,"0",NA
"206","f","9.69141246599889","21","11","91.9371311390029",NA,"0",NA
"207","f","9.69141246599889","21","11","91.9371311390029",NA,"0",NA
"208","f","9.69141246599889","21","0","75.9351910767613",NA,"1",NA
"209","f","9.69141246599889","21","0","75.9351910767613",NA,"1",NA
"210","f","9.69141246599889","21","0","75.9351910767613",NA,"1",NA
"211","f","9.6523758188323","22","0","75.9351910767613",NA,"0",NA
"212","f","9.6523758188323","22","0","75.9351910767613",NA,"0",NA
"213","f","9.6523758188323","22","0","75.9351910767613",NA,"0",NA
"214","f","9.6523758188323","22","0","75.9351910767613",NA,"0",NA
"215","f","9.6523758188323","22","0","75.9351910767613",NA,"0",NA
"216","f","9.6523758188323","22","0","75.9351910767613",NA,"0",NA
"217","f","9.6523758188323","22","0","75.9351910767613",NA,"0",NA
"218","f","9.6523758188323","22","0","75.9351910767613",NA,"0",NA
"219","f","9.6523758188323","22","0","75.9351910767613",NA,"0",NA
"220","f","9.6523758188323","22","0","75.9351910767613",NA,"0",NA
"221","f","7.26920451872121","23","0","75.9351910767613",NA,"0",NA
"222","f","7.26920451872121","23","0","75.9351910767613",NA,"0",NA
"223","f","7.26920451872121","23","0","75.9351910767613",NA,"0",NA
"224","f","7.26920451872121","23","0","75.9351910767613",NA,"0",NA
"225","f","7.26920451872121","23","0","75.9351910767613",NA,"0",NA
"226","f","7.26920451872121","23","0","75.9351910767613",NA,"0",NA
"227","f","7.26920451872121","23","0","89.3670214598799",NA,"1",NA
"228","f","7.26920451872121","23","0","89.3670214598799",NA,"1",NA
"229","f","7.26920451872121","23","0","89.3670214598799",NA,"1",NA
"230","f","7.26920451872121","23","0","89.3670214598799",NA,"1",NA
"231","f","10.7856956707832","24","0","89.3670214598799",NA,"0",NA
"232","f","10.7856956707832","24","0","89.3670214598799",NA,"0",NA
"233","f","10.7856956707832","24","0","92.4897226838609",NA,"1",NA
"234","f","10.7856956707832","24","0","92.4897226838609",NA,"1",NA
"235","f","10.7856956707832","24","0","106.322982947929",NA,"2",NA
"236","f","10.7856956707832","24","0","69.7574867273537",NA,"3",NA
"237","f","10.7856956707832","24","0","69.7574867273537",NA,"3",NA
"238","f","10.7856956707832","24","0","69.7574867273537",NA,"3",NA
"239","f","10.7856956707832","24","0","69.7574867273537",NA,"3",NA
"240","f","10.7856956707832","24","9","84.932696747636",NA,"4",NA
"241","m","10.0878889580554","25","9","84.932696747636",NA,"0",NA
"242","m","10.0878889580554","25","9","84.932696747636",NA,"0",NA
"243","m","10.0878889580554","25","9","84.932696747636",NA,"0",NA
"244","m","10.0878889580554","25","9","84.932696747636",NA,"0",NA
"245","m","10.0878889580554","25","9","84.932696747636",NA,"0",NA
"246","m","10.0878889580554","25","9","84.932696747636",NA,"0",NA
"247","m","10.0878889580554","25","9","84.932696747636",NA,"0",NA
"248","m","10.0878889580554","25","9","84.932696747636",NA,"0",NA
"249","m","10.0878889580554","25","0","97.7996546346386",NA,"1",NA
"250","m","10.0878889580554","25","0","97.7996546346386",NA,"1",NA
"251","m","8.14909837495476","26","0","97.7996546346386",NA,"0",NA
"252","m","8.14909837495476","26","0","97.7996546346386",NA,"0",NA
"253","m","8.14909837495476","26","0","97.7996546346386",NA,"0",NA
"254","m","8.14909837495476","26","0","97.7996546346386",NA,"0",NA
"255","m","8.14909837495476","26","0","97.7996546346386",NA,"0",NA
"256","m","8.14909837495476","26","0","97.7996546346386",NA,"0",NA
"257","m","8.14909837495476","26","0","97.7996546346386",NA,"0",NA
"258","m","8.14909837495476","26","0","97.7996546346386",NA,"0",NA
"259","m","8.14909837495476","26","0","95.5814519879444",NA,"1",NA
"260","m","8.14909837495476","26","0","95.5814519879444",NA,"1",NA
"261","m","7.0650327887306","27","0","95.5814519879444",NA,"0",NA
"262","m","7.0650327887306","27","0","95.5814519879444",NA,"0",NA
"263","m","7.0650327887306","27","0","95.5814519879444",NA,"0",NA
"264","m","7.0650327887306","27","0","95.5814519879444",NA,"0",NA
"265","m","7.0650327887306","27","0","95.5814519879444",NA,"0",NA
"266","m","7.0650327887306","27","0","95.5814519879444",NA,"0",NA
"267","m","7.0650327887306","27","0","95.5814519879444",NA,"0",NA
"268","m","7.0650327887306","27","0","95.5814519879444",NA,"0",NA
"269","m","7.0650327887306","27","0","95.5814519879444",NA,"0",NA
"270","m","7.0650327887306","27","0","95.5814519879444",NA,"0",NA
"271","m","9.50765067734553","28","0","95.5814519879444",NA,"0",NA
"272","m","9.50765067734553","28","0","95.5814519879444",NA,"0",NA
"273","m","9.50765067734553","28","0","95.5814519879444",NA,"0",NA
"274","m","9.50765067734553","28","0","95.5814519879444",NA,"0",NA
"275","m","9.50765067734553","28","0","95.5814519879444",NA,"0",NA
"276","m","9.50765067734553","28","0","95.5814519879444",NA,"0",NA
"277","m","9.50765067734553","28","0","95.5814519879444",NA,"0",NA
"278","m","9.50765067734553","28","0","95.5814519879444",NA,"0",NA
"279","m","9.50765067734553","28","0","95.5814519879444",NA,"0",NA
"280","m","9.50765067734553","28","0","74.3976375030392",NA,"1",NA
"281","m","10.7917745467519","29","0","74.3976375030392",NA,"0",NA
"282","m","10.7917745467519","29","0","74.3976375030392",NA,"0",NA
"283","m","10.7917745467519","29","0","74.3976375030392",NA,"0",NA
"284","m","10.7917745467519","29","0","74.3976375030392",NA,"0",NA
"285","m","10.7917745467519","29","0","74.3976375030392",NA,"0",NA
"286","m","10.7917745467519","29","0","74.3976375030392",NA,"0",NA
"287","m","10.7917745467519","29","0","74.3976375030392",NA,"0",NA
"288","m","10.7917745467519","29","0","74.3976375030392",NA,"0",NA
"289","m","10.7917745467519","29","0","74.3976375030392",NA,"0",NA
"290","m","10.7917745467519","29","0","74.3976375030392",NA,"0",NA
"291","f","9.5567699813916","30","0","74.3976375030392",NA,"0",NA
"292","f","9.5567699813916","30","0","74.3976375030392",NA,"0",NA
"293","f","9.5567699813916","30","12","95.9832835794696",NA,"1",NA
"294","f","9.5567699813916","30","11","84.9358972544834",NA,"2",NA
"295","f","9.5567699813916","30","11","84.9358972544834",NA,"2",NA
"296","f","9.5567699813916","30","11","84.9358972544834",NA,"2",NA
"297","f","9.5567699813916","30","11","84.9358972544834",NA,"2",NA
"298","f","9.5567699813916","30","11","84.9358972544834",NA,"2",NA
"299","f","9.5567699813916","30","11","84.9358972544834",NA,"2",NA
"300","f","9.5567699813916","30","11","84.9358972544834",NA,"2",NA
"301","f","8.69327546301463","31","11","84.9358972544834",NA,"0",NA
"302","f","8.69327546301463","31","11","84.9358972544834",NA,"0",NA
"303","f","8.69327546301463","31","11","84.9358972544834",NA,"0",NA
"304","f","8.69327546301463","31","11","84.9358972544834",NA,"0",NA
"305","f","8.69327546301463","31","0","72.8681053734531",NA,"1",NA
"306","f","8.69327546301463","31","9","68.4746433504379",NA,"2",NA
"307","f","8.69327546301463","31","9","68.4746433504379",NA,"2",NA
"308","f","8.69327546301463","31","9","68.4746433504379",NA,"2",NA
"309","f","8.69327546301463","31","9","68.4746433504379",NA,"2",NA
"310","f","8.69327546301463","31","9","68.4746433504379",NA,"2",NA
"311","m","9.87466380933785","32","9","68.4746433504379",NA,"0",NA
"312","m","9.87466380933785","32","9","68.4746433504379",NA,"0",NA
"313","m","9.87466380933785","32","9","68.4746433504379",NA,"0",NA
"314","m","9.87466380933785","32","9","68.4746433504379",NA,"0",NA
"315","m","9.87466380933785","32","9","68.4746433504379",NA,"0",NA
"316","m","9.87466380933785","32","9","68.4746433504379",NA,"0",NA
"317","m","9.87466380933785","32","9","68.4746433504379",NA,"0",NA
"318","m","9.87466380933785","32","0","77.0880151741007",NA,"1",NA
"319","m","9.87466380933785","32","0","77.0880151741007",NA,"1",NA
"320","m","9.87466380933785","32","0","77.0880151741007",NA,"1",NA
"321","m","6.54662957294868","33","0","77.0880151741007",NA,"0",NA
"322","m","6.54662957294868","33","0","77.0880151741007",NA,"0",NA
"323","m","6.54662957294868","33","0","77.0880151741007",NA,"0",NA
"324","m","6.54662957294868","33","0","77.0880151741007",NA,"0",NA
"325","m","6.54662957294868","33","0","77.0880151741007",NA,"0",NA
"326","m","6.54662957294868","33","11","82.1532332376987",NA,"1",NA
"327","m","6.54662957294868","33","8","86.5425282218462",NA,"2",NA
"328","m","6.54662957294868","33","8","86.5425282218462",NA,"2",NA
"329","m","6.54662957294868","33","8","86.5425282218462",NA,"2",NA
"330","m","6.54662957294868","33","0","85.9149100639516",NA,"3",NA
"331","f","10.2244377186623","34","0","85.9149100639516",NA,"0",NA
"332","f","10.2244377186623","34","0","85.9149100639516",NA,"0",NA
"333","f","10.2244377186623","34","0","85.9149100639516",NA,"0",NA
"334","f","10.2244377186623","34","0","85.9149100639516",NA,"0",NA
"335","f","10.2244377186623","34","0","85.9149100639516",NA,"0",NA
"336","f","10.2244377186623","34","0","85.9149100639516",NA,"0",NA
"337","f","10.2244377186623","34","0","85.9149100639516",NA,"0",NA
"338","f","10.2244377186623","34","0","85.9149100639516",NA,"0",NA
"339","f","10.2244377186623","34","0","85.9149100639516",NA,"0",NA
"340","f","10.2244377186623","34","14","98.0686664176701",NA,"1",NA
"341","m","11.4685458869351","35","14","98.0686664176701",NA,"0",NA
"342","m","11.4685458869351","35","14","98.0686664176701",NA,"0",NA
"343","m","11.4685458869351","35","14","98.0686664176701",NA,"0",NA
"344","m","11.4685458869351","35","14","98.0686664176701",NA,"0",NA
"345","m","11.4685458869351","35","14","98.0686664176701",NA,"0",NA
"346","m","11.4685458869351","35","14","98.0686664176701",NA,"0",NA
"347","m","11.4685458869351","35","14","98.0686664176701",NA,"0",NA
"348","m","11.4685458869351","35","14","98.0686664176701",NA,"0",NA
"349","m","11.4685458869351","35","14","98.0686664176701",NA,"0",NA
"350","m","11.4685458869351","35","14","98.0686664176701",NA,"0",NA
"351","m","12.9278420149653","36","14","98.0686664176701",NA,"0",NA
"352","m","12.9278420149653","36","14","98.0686664176701",NA,"0",NA
"353","m","12.9278420149653","36","14","98.0686664176701",NA,"0",NA
"354","m","12.9278420149653","36","14","98.0686664176701",NA,"0",NA
"355","m","12.9278420149653","36","14","98.0686664176701",NA,"0",NA
"356","m","12.9278420149653","36","14","98.0686664176701",NA,"0",NA
"357","m","12.9278420149653","36","14","98.0686664176701",NA,"0",NA
"358","m","12.9278420149653","36","14","98.0686664176701",NA,"0",NA
"359","m","12.9278420149653","36","14","98.0686664176701",NA,"0",NA
"360","m","12.9278420149653","36","14","98.0686664176701",NA,"0",NA
"361","m","8.1027820622443","37","14","98.0686664176701",NA,"0",NA
"362","m","8.1027820622443","37","14","98.0686664176701",NA,"0",NA
"363","m","8.1027820622443","37","14","98.0686664176701",NA,"0",NA
"364","m","8.1027820622443","37","14","98.0686664176701",NA,"0",NA
"365","m","8.1027820622443","37","14","98.0686664176701",NA,"0",NA
"366","m","8.1027820622443","37","14","98.0686664176701",NA,"0",NA
"367","m","8.1027820622443","37","14","98.0686664176701",NA,"0",NA
"368","m","8.1027820622443","37","14","98.0686664176701",NA,"0",NA
"369","m","8.1027820622443","37","14","98.0686664176701",NA,"0",NA
"370","m","8.1027820622443","37","14","98.0686664176701",NA,"0",NA
"371","f","10.8409444404499","38","14","98.0686664176701",NA,"0",NA
"372","f","10.8409444404499","38","14","98.0686664176701",NA,"0",NA
"373","f","10.8409444404499","38","14","98.0686664176701",NA,"0",NA
"374","f","10.8409444404499","38","14","98.0686664176701",NA,"0",NA
"375","f","10.8409444404499","38","14","98.0686664176701",NA,"0",NA
"376","f","10.8409444404499","38","14","98.0686664176701",NA,"0",NA
"377","f","10.8409444404499","38","14","98.0686664176701",NA,"0",NA
"378","f","10.8409444404499","38","14","98.0686664176701",NA,"0",NA
"379","f","10.8409444404499","38","14","98.0686664176701",NA,"0",NA
"380","f","10.8409444404499","38","14","98.0686664176701",NA,"0",NA
"381","m","10.6801284579466","39","14","98.0686664176701",NA,"0",NA
"382","m","10.6801284579466","39","0","89.6999940239348",NA,"1",NA
"383","m","10.6801284579466","39","0","89.6999940239348",NA,"1",NA
"384","m","10.6801284579466","39","0","89.6999940239348",NA,"1",NA
"385","m","10.6801284579466","39","0","89.6999940239348",NA,"1",NA
"386","m","10.6801284579466","39","0","89.6999940239348",NA,"1",NA
"387","m","10.6801284579466","39","0","89.6999940239348",NA,"1",NA
"388","m","10.6801284579466","39","0","89.6999940239348",NA,"1",NA
"389","m","10.6801284579466","39","0","89.6999940239348",NA,"1",NA
"390","m","10.6801284579466","39","0","89.6999940239348",NA,"1",NA
"391","m","8.50964857695288","40","0","89.6999940239348",NA,"0",NA
"392","m","8.50964857695288","40","0","89.6999940239348",NA,"0",NA
"393","m","8.50964857695288","40","0","89.6999940239348",NA,"0",NA
"394","m","8.50964857695288","40","0","89.6999940239348",NA,"0",NA
"395","m","8.50964857695288","40","0","89.6999940239348",NA,"0",NA
"396","m","8.50964857695288","40","0","89.6999940239348",NA,"0",NA
"397","m","8.50964857695288","40","0","89.6999940239348",NA,"0",NA
"398","m","8.50964857695288","40","0","90.8169919722595",NA,"1",NA
"399","m","8.50964857695288","40","0","90.8169919722595",NA,"1",NA
"400","m","8.50964857695288","40","0","90.8169919722595",NA,"1",NA
"401","f","11.9354890151899","41","0","90.8169919722595",NA,"0",NA
"402","f","11.9354890151899","41","0","86.8823220249194",NA,"1",NA
"403","f","11.9354890151899","41","0","86.8823220249194",NA,"1",NA
"404","f","11.9354890151899","41","10","78.5056659383355",NA,"2",NA
"405","f","11.9354890151899","41","10","78.5056659383355",NA,"2",NA
"406","f","11.9354890151899","41","10","78.5056659383355",NA,"2",NA
"407","f","11.9354890151899","41","10","78.5056659383355",NA,"2",NA
"408","f","11.9354890151899","41","10","78.5056659383355",NA,"2",NA
"409","f","11.9354890151899","41","10","78.5056659383355",NA,"2",NA
"410","f","11.9354890151899","41","10","78.5056659383355",NA,"2",NA
"411","m","11.1375414963372","42","10","78.5056659383355",NA,"0",NA
"412","m","11.1375414963372","42","10","78.5056659383355",NA,"0",NA
"413","m","11.1375414963372","42","12","89.6535746261153",NA,"1",NA
"414","m","11.1375414963372","42","12","89.6535746261153",NA,"1",NA
"415","m","11.1375414963372","42","12","89.6535746261153",NA,"1",NA
"416","m","11.1375414963372","42","12","89.6535746261153",NA,"1",NA
"417","m","11.1375414963372","42","12","89.6535746261153",NA,"1",NA
"418","m","11.1375414963372","42","12","89.6535746261153",NA,"1",NA
"419","m","11.1375414963372","42","12","89.6535746261153",NA,"1",NA
"420","m","11.1375414963372","42","12","89.6535746261153",NA,"1",NA
"421","m","11.1165462348233","43","12","89.6535746261153",NA,"0",NA
"422","m","11.1165462348233","43","12","89.6535746261153",NA,"0",NA
"423","m","11.1165462348233","43","12","89.6535746261153",NA,"0",NA
"424","m","11.1165462348233","43","12","89.6535746261153",NA,"0",NA
"425","m","11.1165462348233","43","12","89.6535746261153",NA,"0",NA
"426","m","11.1165462348233","43","12","89.6535746261153",NA,"0",NA
"427","m","11.1165462348233","43","12","89.6535746261153",NA,"0",NA
"428","m","11.1165462348233","43","12","89.6535746261153",NA,"0",NA
"429","m","11.1165462348233","43","12","89.6535746261153",NA,"0",NA
"430","m","11.1165462348233","43","12","89.6535746261153",NA,"0",NA
"431","m","9.93797228229631","44","0","85.2607570829873",NA,"1",NA
"432","m","9.93797228229631","44","0","85.2607570829873",NA,"1",NA
"433","m","9.93797228229631","44","0","85.2607570829873",NA,"1",NA
"434","m","9.93797228229631","44","0","85.2607570829873",NA,"1",NA
"435","m","9.93797228229631","44","0","85.2607570829873",NA,"1",NA
"436","m","9.93797228229631","44","0","85.2607570829873",NA,"1",NA
"437","m","9.93797228229631","44","0","85.2607570829873",NA,"1",NA
"438","m","9.93797228229631","44","0","85.2607570829873",NA,"1",NA
"439","m","9.93797228229631","44","0","85.2607570829873",NA,"1",NA
"440","m","9.93797228229631","44","0","85.2607570829873",NA,"1",NA
"441","m","13.9200879057436","45","0","85.2607570829873",NA,"0",NA
"442","m","13.9200879057436","45","0","85.2607570829873",NA,"0",NA
"443","m","13.9200879057436","45","0","85.2607570829873",NA,"0",NA
"444","m","13.9200879057436","45","0","85.2607570829873",NA,"0",NA
"445","m","13.9200879057436","45","0","85.2607570829873",NA,"0",NA
"446","m","13.9200879057436","45","0","85.2607570829873",NA,"0",NA
"447","m","13.9200879057436","45","0","85.2607570829873",NA,"0",NA
"448","m","13.9200879057436","45","0","85.2607570829873",NA,"0",NA
"449","m","13.9200879057436","45","0","85.2607570829873",NA,"0",NA
"450","m","13.9200879057436","45","0","85.2607570829873",NA,"0",NA
"451","f","9.92903657117436","46","0","85.2607570829873",NA,"0",NA
"452","f","9.92903657117436","46","0","75.9813828931128",NA,"1",NA
"453","f","9.92903657117436","46","0","75.9813828931128",NA,"1",NA
"454","f","9.92903657117436","46","0","75.9813828931128",NA,"1",NA
"455","f","9.92903657117436","46","0","75.9813828931128",NA,"1",NA
"456","f","9.92903657117436","46","0","75.9813828931128",NA,"1",NA
"457","f","9.92903657117436","46","0","75.9813828931128",NA,"1",NA
"458","f","9.92903657117436","46","0","75.9813828931128",NA,"1",NA
"459","f","9.92903657117436","46","0","75.9813828931128",NA,"1",NA
"460","f","9.92903657117436","46","0","75.9813828931128",NA,"1",NA
"461","m","8.65328210078625","47","0","75.9813828931128",NA,"0",NA
"462","m","8.65328210078625","47","0","75.9813828931128",NA,"0",NA
"463","m","8.65328210078625","47","0","75.9813828931128",NA,"0",NA
"464","m","8.65328210078625","47","0","75.9813828931128",NA,"0",NA
"465","m","8.65328210078625","47","0","75.9813828931128",NA,"0",NA
"466","m","8.65328210078625","47","0","75.9813828931128",NA,"0",NA
"467","m","8.65328210078625","47","0","75.9813828931128",NA,"0",NA
"468","m","8.65328210078625","47","0","75.9813828931128",NA,"0",NA
"469","m","8.65328210078625","47","0","75.9813828931128",NA,"0",NA
"470","m","8.65328210078625","47","0","75.9813828931128",NA,"0",NA
"471","f","12.8811617010567","48","0","75.9813828931128",NA,"0",NA
"472","f","12.8811617010567","48","0","75.9813828931128",NA,"0",NA
"473","f","12.8811617010567","48","0","75.9813828931128",NA,"0",NA
"474","f","12.8811617010567","48","0","75.9813828931128",NA,"0",NA
"475","f","12.8811617010567","48","0","75.9813828931128",NA,"0",NA
"476","f","12.8811617010567","48","0","76.8231569125573",NA,"1",NA
"477","f","12.8811617010567","48","0","76.8231569125573",NA,"1",NA
"478","f","12.8811617010567","48","0","76.8231569125573",NA,"1",NA
"479","f","12.8811617010567","48","0","76.0818138139718",NA,"2",NA
"480","f","12.8811617010567","48","0","76.0818138139718",NA,"2",NA
"481","m","5.27538266479591","49","0","76.0818138139718",NA,"0",NA
"482","m","5.27538266479591","49","0","76.0818138139718",NA,"0",NA
"483","m","5.27538266479591","49","13","85.6170923411303",NA,"1",NA
"484","m","5.27538266479591","49","13","85.6170923411303",NA,"1",NA
"485","m","5.27538266479591","49","13","85.6170923411303",NA,"1",NA
"486","m","5.27538266479591","49","13","85.6170923411303",NA,"1",NA
"487","m","5.27538266479591","49","13","85.6170923411303",NA,"1",NA
"488","m","5.27538266479591","49","13","85.6170923411303",NA,"1",NA
"489","m","5.27538266479591","49","13","85.6170923411303",NA,"1",NA
"490","m","5.27538266479591","49","13","85.6170923411303",NA,"1",NA
"491","f","10.1717815160903","50","13","85.6170923411303",NA,"0",NA
"492","f","10.1717815160903","50","13","85.6170923411303",NA,"0",NA
"493","f","10.1717815160903","50","13","85.6170923411303",NA,"0",NA
"494","f","10.1717815160903","50","13","85.6170923411303",NA,"0",NA
"495","f","10.1717815160903","50","13","85.6170923411303",NA,"0",NA
"496","f","10.1717815160903","50","13","85.6170923411303",NA,"0",NA
"497","f","10.1717815160903","50","13","85.6170923411303",NA,"0",NA
"498","f","10.1717815160903","50","13","85.6170923411303",NA,"0",NA
"499","f","10.1717815160903","50","13","85.6170923411303",NA,"0",NA
"500","f","10.1717815160903","50","13","85.6170923411303",NA,"0",NA
"501","f","4.75743084711051","51","13","85.6170923411303",NA,"0",NA
"502","f","4.75743084711051","51","13","85.6170923411303",NA,"0",NA
"503","f","4.75743084711051","51","13","85.6170923411303",NA,"0",NA
"504","f","4.75743084711051","51","13","85.6170923411303",NA,"0",NA
"505","f","4.75743084711051","51","13","85.6170923411303",NA,"0",NA
"506","f","4.75743084711051","51","13","85.6170923411303",NA,"0",NA
"507","f","4.75743084711051","51","13","85.6170923411303",NA,"0",NA
"508","f","4.75743084711051","51","11","104.425457484017",NA,"1",NA
"509","f","4.75743084711051","51","11","104.425457484017",NA,"1",NA
"510","f","4.75743084711051","51","11","104.425457484017",NA,"1",NA
"511","m","11.4038372974839","52","11","104.425457484017",NA,"0",NA
"512","m","11.4038372974839","52","11","104.425457484017",NA,"0",NA
"513","m","11.4038372974839","52","11","104.425457484017",NA,"0",NA
"514","m","11.4038372974839","52","11","104.425457484017",NA,"0",NA
"515","m","11.4038372974839","52","7","94.6188457343753",NA,"1",NA
"516","m","11.4038372974839","52","7","94.6188457343753",NA,"1",NA
"517","m","11.4038372974839","52","7","94.6188457343753",NA,"1",NA
"518","m","11.4038372974839","52","7","94.6188457343753",NA,"1",NA
"519","m","11.4038372974839","52","7","94.6188457343753",NA,"1",NA
"520","m","11.4038372974839","52","7","94.6188457343753",NA,"1",NA
"521","f","7.33403403910461","53","7","94.6188457343753",NA,"0",NA
"522","f","7.33403403910461","53","9","89.7263695847287",NA,"1",NA
"523","f","7.33403403910461","53","9","89.7263695847287",NA,"1",NA
"524","f","7.33403403910461","53","9","89.7263695847287",NA,"1",NA
"525","f","7.33403403910461","53","9","89.7263695847287",NA,"1",NA
"526","f","7.33403403910461","53","9","89.7263695847287",NA,"1",NA
"527","f","7.33403403910461","53","9","89.7263695847287",NA,"1",NA
"528","f","7.33403403910461","53","9","89.7263695847287",NA,"1",NA
"529","f","7.33403403910461","53","9","89.7263695847287",NA,"1",NA
"530","f","7.33403403910461","53","9","89.7263695847287",NA,"1",NA
"531","f","11.6624094891394","54","9","89.7263695847287",NA,"0",NA
"532","f","11.6624094891394","54","9","89.7263695847287",NA,"0",NA
"533","f","11.6624094891394","54","0","71.462880930946",NA,"1",NA
"534","f","11.6624094891394","54","0","71.462880930946",NA,"1",NA
"535","f","11.6624094891394","54","0","71.462880930946",NA,"1",NA
"536","f","11.6624094891394","54","0","71.462880930946",NA,"1",NA
"537","f","11.6624094891394","54","0","71.462880930946",NA,"1",NA
"538","f","11.6624094891394","54","10","85.7697228102134",NA,"2",NA
"539","f","11.6624094891394","54","10","85.7697228102134",NA,"2",NA
"540","f","11.6624094891394","54","10","85.7697228102134",NA,"2",NA
"541","f","9.49615045534503","55","10","85.7697228102134",NA,"0",NA
"542","f","9.49615045534503","55","10","85.7697228102134",NA,"0",NA
"543","f","9.49615045534503","55","10","60.1385222632915",NA,"1",NA
"544","f","9.49615045534503","55","10","60.1385222632915",NA,"1",NA
"545","f","9.49615045534503","55","10","60.1385222632915",NA,"1",NA
"546","f","9.49615045534503","55","10","60.1385222632915",NA,"1",NA
"547","f","9.49615045534503","55","10","60.1385222632915",NA,"1",NA
"548","f","9.49615045534503","55","10","60.1385222632915",NA,"1",NA
"549","f","9.49615045534503","55","10","60.1385222632915",NA,"1",NA
"550","f","9.49615045534503","55","10","60.1385222632915",NA,"1",NA
"551","f","11.2710342639405","56","10","60.1385222632915",NA,"0",NA
"552","f","11.2710342639405","56","10","60.1385222632915",NA,"0",NA
"553","f","11.2710342639405","56","10","60.1385222632915",NA,"0",NA
"554","f","11.2710342639405","56","10","60.1385222632915",NA,"0",NA
"555","f","11.2710342639405","56","10","60.1385222632915",NA,"0",NA
"556","f","11.2710342639405","56","10","60.1385222632915",NA,"0",NA
"557","f","11.2710342639405","56","10","60.1385222632915",NA,"0",NA
"558","f","11.2710342639405","56","10","60.1385222632915",NA,"0",NA
"559","f","11.2710342639405","56","10","60.1385222632915",NA,"0",NA
"560","f","11.2710342639405","56","10","60.1385222632915",NA,"0",NA
"561","m","9.16669840542546","57","7","78.8965400822541",NA,"1",NA
"562","m","9.16669840542546","57","7","78.8965400822541",NA,"1",NA
"563","m","9.16669840542546","57","9","102.059096792454",NA,"2",NA
"564","m","9.16669840542546","57","9","102.059096792454",NA,"2",NA
"565","m","9.16669840542546","57","9","102.059096792454",NA,"2",NA
"566","m","9.16669840542546","57","9","102.059096792454",NA,"2",NA
"567","m","9.16669840542546","57","9","102.059096792454",NA,"2",NA
"568","m","9.16669840542546","57","9","102.059096792454",NA,"2",NA
"569","m","9.16669840542546","57","9","102.059096792454",NA,"2",NA
"570","m","9.16669840542546","57","9","102.059096792454",NA,"2",NA
"571","f","7.89518116561176","58","9","102.059096792454",NA,"0",NA
"572","f","7.89518116561176","58","9","102.059096792454",NA,"0",NA
"573","f","7.89518116561176","58","9","102.059096792454",NA,"0",NA
"574","f","7.89518116561176","58","9","102.059096792454",NA,"0",NA
"575","f","7.89518116561176","58","9","102.059096792454",NA,"0",NA
"576","f","7.89518116561176","58","9","102.059096792454",NA,"0",NA
"577","f","7.89518116561176","58","9","102.059096792454",NA,"0",NA
"578","f","7.89518116561176","58","9","102.059096792454",NA,"0",NA
"579","f","7.89518116561176","58","9","102.059096792454",NA,"0",NA
"580","f","7.89518116561176","58","9","102.059096792454",NA,"0",NA
"581","f","11.2365836581151","59","9","102.059096792454",NA,"0",NA
"582","f","11.2365836581151","59","0","81.85686109365",NA,"1",NA
"583","f","11.2365836581151","59","0","81.85686109365",NA,"1",NA
"584","f","11.2365836581151","59","0","81.85686109365",NA,"1",NA
"585","f","11.2365836581151","59","0","81.85686109365",NA,"1",NA
"586","f","11.2365836581151","59","0","81.85686109365",NA,"1",NA
"587","f","11.2365836581151","59","0","89.7255993492223",NA,"2",NA
"588","f","11.2365836581151","59","0","90.891969178954",NA,"3",NA
"589","f","11.2365836581151","59","0","90.891969178954",NA,"3",NA
"590","f","11.2365836581151","59","0","80.1727427705844",NA,"4",NA
"591","f","8.9083779061572","60","0","80.1727427705844",NA,"0",NA
"592","f","8.9083779061572","60","0","80.1727427705844",NA,"0",NA
"593","f","8.9083779061572","60","0","85.7334743613943",NA,"1",NA
"594","f","8.9083779061572","60","0","85.7334743613943",NA,"1",NA
"595","f","8.9083779061572","60","0","85.7334743613943",NA,"1",NA
"596","f","8.9083779061572","60","0","85.7334743613943",NA,"1",NA
"597","f","8.9083779061572","60","0","85.7334743613943",NA,"1",NA
"598","f","8.9083779061572","60","0","85.7334743613943",NA,"1",NA
"599","f","8.9083779061572","60","0","85.7334743613943",NA,"1",NA
"600","f","8.9083779061572","60","0","85.7334743613943",NA,"1",NA
"601","f","10.3688127828328","61","0","85.7334743613943",NA,"0",NA
"602","f","10.3688127828328","61","0","85.7334743613943",NA,"0",NA
"603","f","10.3688127828328","61","0","85.7334743613943",NA,"0",NA
"604","f","10.3688127828328","61","0","85.7334743613943",NA,"0",NA
"605","f","10.3688127828328","61","0","85.7334743613943",NA,"0",NA
"606","f","10.3688127828328","61","0","85.7334743613943",NA,"0",NA
"607","f","10.3688127828328","61","0","85.7334743613943",NA,"0",NA
"608","f","10.3688127828328","61","0","85.7334743613943",NA,"0",NA
"609","f","10.3688127828328","61","0","85.7334743613943",NA,"0",NA
"610","f","10.3688127828328","61","0","85.7334743613943",NA,"0",NA
"611","m","12.3612021123508","62","0","85.7334743613943",NA,"0",NA
"612","m","12.3612021123508","62","0","85.7334743613943",NA,"0",NA
"613","m","12.3612021123508","62","0","85.7334743613943",NA,"0",NA
"614","m","12.3612021123508","62","0","85.7334743613943",NA,"0",NA
"615","m","12.3612021123508","62","0","85.7334743613943",NA,"0",NA
"616","m","12.3612021123508","62","0","85.7334743613943",NA,"0",NA
"617","m","12.3612021123508","62","0","69.1282341567441",NA,"1",NA
"618","m","12.3612021123508","62","0","77.831135083406",NA,"2",NA
"619","m","12.3612021123508","62","0","77.831135083406",NA,"2",NA
"620","m","12.3612021123508","62","0","77.831135083406",NA,"2",NA
"621","m","5.96477784501295","63","0","77.831135083406",NA,"0",NA
"622","m","5.96477784501295","63","0","77.831135083406",NA,"0",NA
"623","m","5.96477784501295","63","0","77.831135083406",NA,"0",NA
"624","m","5.96477784501295","63","0","76.5591379656697",NA,"1",NA
"625","m","5.96477784501295","63","0","76.5591379656697",NA,"1",NA
"626","m","5.96477784501295","63","0","81.6350774161708",NA,"2",NA
"627","m","5.96477784501295","63","9","96.6012948477294",NA,"3",NA
"628","m","5.96477784501295","63","9","96.6012948477294",NA,"3",NA
"629","m","5.96477784501295","63","9","96.6012948477294",NA,"3",NA
"630","m","5.96477784501295","63","9","96.6012948477294",NA,"3",NA
"631","m","11.3505619154354","64","9","96.6012948477294",NA,"0",NA
"632","m","11.3505619154354","64","0","85.0110404616715",NA,"1",NA
"633","m","11.3505619154354","64","0","85.0110404616715",NA,"1",NA
"634","m","11.3505619154354","64","0","85.0110404616715",NA,"1",NA
"635","m","11.3505619154354","64","0","85.0110404616715",NA,"1",NA
"636","m","11.3505619154354","64","0","85.0110404616715",NA,"1",NA
"637","m","11.3505619154354","64","11","97.2552387825789",NA,"2",NA
"638","m","11.3505619154354","64","11","97.2552387825789",NA,"2",NA
"639","m","11.3505619154354","64","11","97.2552387825789",NA,"2",NA
"640","m","11.3505619154354","64","11","97.2552387825789",NA,"2",NA
"641","m","15.3799366021825","65","11","97.2552387825789",NA,"0",NA
"642","m","15.3799366021825","65","11","97.2552387825789",NA,"0",NA
"643","m","15.3799366021825","65","11","97.2552387825789",NA,"0",NA
"644","m","15.3799366021825","65","11","97.2552387825789",NA,"0",NA
"645","m","15.3799366021825","65","11","97.2552387825789",NA,"0",NA
"646","m","15.3799366021825","65","11","97.2552387825789",NA,"0",NA
"647","m","15.3799366021825","65","11","97.2552387825789",NA,"0",NA
"648","m","15.3799366021825","65","11","97.2552387825789",NA,"0",NA
"649","m","15.3799366021825","65","11","97.2552387825789",NA,"0",NA
"650","m","15.3799366021825","65","8","88.2542365621535",NA,"1",NA
"651","m","10.1592179291295","66","8","88.2542365621535",NA,"0",NA
"652","m","10.1592179291295","66","8","88.2542365621535",NA,"0",NA
"653","m","10.1592179291295","66","8","88.2542365621535",NA,"0",NA
"654","m","10.1592179291295","66","8","88.2542365621535",NA,"0",NA
"655","m","10.1592179291295","66","8","88.2542365621535",NA,"0",NA
"656","m","10.1592179291295","66","11","112.488756103448",NA,"1",NA
"657","m","10.1592179291295","66","11","112.488756103448",NA,"1",NA
"658","m","10.1592179291295","66","0","84.6594046144642",NA,"2",NA
"659","m","10.1592179291295","66","0","84.6594046144642",NA,"2",NA
"660","m","10.1592179291295","66","0","84.6594046144642",NA,"2",NA
"661","m","7.28916729861681","67","0","84.6594046144642",NA,"0",NA
"662","m","7.28916729861681","67","0","84.6594046144642",NA,"0",NA
"663","m","7.28916729861681","67","0","84.6594046144642",NA,"0",NA
"664","m","7.28916729861681","67","0","84.6594046144642",NA,"0",NA
"665","m","7.28916729861681","67","0","84.6594046144642",NA,"0",NA
"666","m","7.28916729861681","67","0","84.6594046144642",NA,"0",NA
"667","m","7.28916729861681","67","0","84.6594046144642",NA,"0",NA
"668","m","7.28916729861681","67","10","103.459129903485",NA,"1",NA
"669","m","7.28916729861681","67","10","103.459129903485",NA,"1",NA
"670","m","7.28916729861681","67","10","103.459129903485",NA,"1",NA
"671","m","8.957818489286","68","10","103.459129903485",NA,"0",NA
"672","m","8.957818489286","68","10","103.459129903485",NA,"0",NA
"673","m","8.957818489286","68","10","103.459129903485",NA,"0",NA
"674","m","8.957818489286","68","10","103.459129903485",NA,"0",NA
"675","m","8.957818489286","68","10","103.459129903485",NA,"0",NA
"676","m","8.957818489286","68","10","103.459129903485",NA,"0",NA
"677","m","8.957818489286","68","10","103.459129903485",NA,"0",NA
"678","m","8.957818489286","68","10","103.459129903485",NA,"0",NA
"679","m","8.957818489286","68","10","103.459129903485",NA,"0",NA
"680","m","8.957818489286","68","10","103.459129903485",NA,"0",NA
"681","m","8.31104334672145","69","10","103.459129903485",NA,"0",NA
"682","m","8.31104334672145","69","10","103.459129903485",NA,"0",NA
"683","m","8.31104334672145","69","10","103.459129903485",NA,"0",NA
"684","m","8.31104334672145","69","10","103.459129903485",NA,"0",NA
"685","m","8.31104334672145","69","10","103.459129903485",NA,"0",NA
"686","m","8.31104334672145","69","10","103.459129903485",NA,"0",NA
"687","m","8.31104334672145","69","10","103.459129903485",NA,"0",NA
"688","m","8.31104334672145","69","10","103.459129903485",NA,"0",NA
"689","m","8.31104334672145","69","10","103.459129903485",NA,"0",NA
"690","m","8.31104334672145","69","10","103.459129903485",NA,"0",NA
"691","f","7.36594759573934","70","10","103.459129903485",NA,"0",NA
"692","f","7.36594759573934","70","10","103.459129903485",NA,"0",NA
"693","f","7.36594759573934","70","0","80.3430222224161",NA,"1",NA
"694","f","7.36594759573934","70","0","80.3430222224161",NA,"1",NA
"695","f","7.36594759573934","70","0","80.3430222224161",NA,"1",NA
"696","f","7.36594759573934","70","0","80.3430222224161",NA,"1",NA
"697","f","7.36594759573934","70","0","80.3430222224161",NA,"1",NA
"698","f","7.36594759573934","70","0","80.3430222224161",NA,"1",NA
"699","f","7.36594759573934","70","0","80.3430222224161",NA,"1",NA
"700","f","7.36594759573934","70","0","80.3430222224161",NA,"1",NA
"701","f","7.57921518348695","71","0","80.3430222224161",NA,"0",NA
"702","f","7.57921518348695","71","0","80.3430222224161",NA,"0",NA
"703","f","7.57921518348695","71","0","80.3430222224161",NA,"0",NA
"704","f","7.57921518348695","71","0","80.3430222224161",NA,"0",NA
"705","f","7.57921518348695","71","0","80.3430222224161",NA,"0",NA
"706","f","7.57921518348695","71","0","80.3430222224161",NA,"0",NA
"707","f","7.57921518348695","71","0","80.3430222224161",NA,"0",NA
"708","f","7.57921518348695","71","0","80.3430222224161",NA,"0",NA
"709","f","7.57921518348695","71","0","80.3430222224161",NA,"0",NA
"710","f","7.57921518348695","71","0","80.3430222224161",NA,"0",NA
"711","m","11.3495961152509","72","0","80.3430222224161",NA,"0",NA
"712","m","11.3495961152509","72","0","80.3430222224161",NA,"0",NA
"713","m","11.3495961152509","72","0","80.3430222224161",NA,"0",NA
"714","m","11.3495961152509","72","0","80.3430222224161",NA,"0",NA
"715","m","11.3495961152509","72","0","80.3430222224161",NA,"0",NA
"716","m","11.3495961152509","72","0","80.3430222224161",NA,"0",NA
"717","m","11.3495961152509","72","0","80.3430222224161",NA,"0",NA
"718","m","11.3495961152509","72","0","85.0707031735715",NA,"1",NA
"719","m","11.3495961152509","72","0","86.8645589953559",NA,"2",NA
"720","m","11.3495961152509","72","0","86.8645589953559",NA,"2",NA
"721","f","5.71320078324641","73","0","86.8645589953559",NA,"0",NA
"722","f","5.71320078324641","73","0","86.8645589953559",NA,"0",NA
"723","f","5.71320078324641","73","0","86.8645589953559",NA,"0",NA
"724","f","5.71320078324641","73","0","86.8645589953559",NA,"0",NA
"725","f","5.71320078324641","73","0","86.8645589953559",NA,"0",NA
"726","f","5.71320078324641","73","0","86.8645589953559",NA,"0",NA
"727","f","5.71320078324641","73","0","86.8645589953559",NA,"0",NA
"728","f","5.71320078324641","73","0","86.8645589953559",NA,"0",NA
"729","f","5.71320078324641","73","0","86.8645589953559",NA,"0",NA
"730","f","5.71320078324641","73","0","86.8645589953559",NA,"0",NA
"731","m","11.160154693089","74","0","86.8645589953559",NA,"0",NA
"732","m","11.160154693089","74","0","86.8645589953559",NA,"0",NA
"733","m","11.160154693089","74","0","86.8645589953559",NA,"0",NA
"734","m","11.160154693089","74","0","86.8645589953559",NA,"0",NA
"735","m","11.160154693089","74","0","86.8645589953559",NA,"0",NA
"736","m","11.160154693089","74","0","86.8645589953559",NA,"0",NA
"737","m","11.160154693089","74","0","86.8645589953559",NA,"0",NA
"738","m","11.160154693089","74","0","86.8645589953559",NA,"0",NA
"739","m","11.160154693089","74","0","86.8645589953559",NA,"0",NA
"740","m","11.160154693089","74","0","86.8645589953559",NA,"0",NA
"741","f","11.3980304533262","75","0","86.8645589953559",NA,"0",NA
"742","f","11.3980304533262","75","0","86.8645589953559",NA,"0",NA
"743","f","11.3980304533262","75","0","86.8645589953559",NA,"0",NA
"744","f","11.3980304533262","75","0","86.8645589953559",NA,"0",NA
"745","f","11.3980304533262","75","0","86.8645589953559",NA,"0",NA
"746","f","11.3980304533262","75","0","86.8645589953559",NA,"0",NA
"747","f","11.3980304533262","75","0","86.8645589953559",NA,"0",NA
"748","f","11.3980304533262","75","0","86.8645589953559",NA,"0",NA
"749","f","11.3980304533262","75","0","86.8645589953559",NA,"0",NA
"750","f","11.3980304533262","75","0","86.8645589953559",NA,"0",NA
"751","f","9.24036561581697","76","0","86.8645589953559",NA,"0",NA
"752","f","9.24036561581697","76","0","86.8645589953559",NA,"0",NA
"753","f","9.24036561581697","76","0","86.8645589953559",NA,"0",NA
"754","f","9.24036561581697","76","0","86.8645589953559",NA,"0",NA
"755","f","9.24036561581697","76","0","86.8645589953559",NA,"0",NA
"756","f","9.24036561581697","76","0","91.0767371473967",NA,"1",NA
"757","f","9.24036561581697","76","0","91.0767371473967",NA,"1",NA
"758","f","9.24036561581697","76","0","91.0767371473967",NA,"1",NA
"759","f","9.24036561581697","76","0","71.9509102380749",NA,"2",NA
"760","f","9.24036561581697","76","0","71.9509102380749",NA,"2",NA
"761","f","12.5434302314572","77","0","71.9509102380749",NA,"0",NA
"762","f","12.5434302314572","77","0","71.9509102380749",NA,"0",NA
"763","f","12.5434302314572","77","0","71.9509102380749",NA,"0",NA
"764","f","12.5434302314572","77","0","71.9509102380749",NA,"0",NA
"765","f","12.5434302314572","77","0","71.9509102380749",NA,"0",NA
"766","f","12.5434302314572","77","0","71.9509102380749",NA,"0",NA
"767","f","12.5434302314572","77","0","71.9509102380749",NA,"0",NA
"768","f","12.5434302314572","77","0","71.9509102380749",NA,"0",NA
"769","f","12.5434302314572","77","0","71.9509102380749",NA,"0",NA
"770","f","12.5434302314572","77","0","71.9509102380749",NA,"0",NA
"771","m","8.67770853312533","78","0","71.9509102380749",NA,"0",NA
"772","m","8.67770853312533","78","0","71.9509102380749",NA,"0",NA
"773","m","8.67770853312533","78","0","71.9509102380749",NA,"0",NA
"774","m","8.67770853312533","78","0","71.9509102380749",NA,"0",NA
"775","m","8.67770853312533","78","0","71.9509102380749",NA,"0",NA
"776","m","8.67770853312533","78","11","79.2471207165342",NA,"1",NA
"777","m","8.67770853312533","78","11","79.2471207165342",NA,"1",NA
"778","m","8.67770853312533","78","0","82.1325970445839",NA,"2",NA
"779","m","8.67770853312533","78","0","82.1325970445839",NA,"2",NA
"780","m","8.67770853312533","78","0","82.1325970445839",NA,"2",NA
"781","f","8.98499910487629","79","0","82.1325970445839",NA,"0",NA
"782","f","8.98499910487629","79","0","82.1325970445839",NA,"0",NA
"783","f","8.98499910487629","79","0","82.1325970445839",NA,"0",NA
"784","f","8.98499910487629","79","0","82.1325970445839",NA,"0",NA
"785","f","8.98499910487629","79","0","82.1325970445839",NA,"0",NA
"786","f","8.98499910487629","79","0","82.1325970445839",NA,"0",NA
"787","f","8.98499910487629","79","0","82.1325970445839",NA,"0",NA
"788","f","8.98499910487629","79","0","82.1325970445839",NA,"0",NA
"789","f","8.98499910487629","79","0","82.1325970445839",NA,"0",NA
"790","f","8.98499910487629","79","0","82.1325970445839",NA,"0",NA
"791","m","9.44093382967544","80","0","82.1325970445839",NA,"0",NA
"792","m","9.44093382967544","80","0","82.1325970445839",NA,"0",NA
"793","m","9.44093382967544","80","8","87.2329553210944",NA,"1",NA
"794","m","9.44093382967544","80","8","87.2329553210944",NA,"1",NA
"795","m","9.44093382967544","80","8","87.2329553210944",NA,"1",NA
"796","m","9.44093382967544","80","8","87.2329553210944",NA,"1",NA
"797","m","9.44093382967544","80","8","87.2329553210944",NA,"1",NA
"798","m","9.44093382967544","80","8","87.2329553210944",NA,"1",NA
"799","m","9.44093382967544","80","8","87.2329553210944",NA,"1",NA
"800","m","9.44093382967544","80","8","87.2329553210944",NA,"1",NA
"801","m","8.62068926449941","81","8","87.2329553210944",NA,"0",NA
"802","m","8.62068926449941","81","8","87.2329553210944",NA,"0",NA
"803","m","8.62068926449941","81","9","93.9583054491697",NA,"1",NA
"804","m","8.62068926449941","81","9","93.9583054491697",NA,"1",NA
"805","m","8.62068926449941","81","9","93.9583054491697",NA,"1",NA
"806","m","8.62068926449941","81","9","93.9583054491697",NA,"1",NA
"807","m","8.62068926449941","81","9","93.9583054491697",NA,"1",NA
"808","m","8.62068926449941","81","9","93.9583054491697",NA,"1",NA
"809","m","8.62068926449941","81","9","93.9583054491697",NA,"1",NA
"810","m","8.62068926449941","81","9","93.9583054491697",NA,"1",NA
"811","m","10.9476947068054","82","9","93.9583054491697",NA,"0",NA
"812","m","10.9476947068054","82","9","93.9583054491697",NA,"0",NA
"813","m","10.9476947068054","82","9","93.9583054491697",NA,"0",NA
"814","m","10.9476947068054","82","8","70.113967830372",NA,"1",NA
"815","m","10.9476947068054","82","8","70.113967830372",NA,"1",NA
"816","m","10.9476947068054","82","8","70.113967830372",NA,"1",NA
"817","m","10.9476947068054","82","8","70.113967830372",NA,"1",NA
"818","m","10.9476947068054","82","8","70.113967830372",NA,"1",NA
"819","m","10.9476947068054","82","8","70.113967830372",NA,"1",NA
"820","m","10.9476947068054","82","8","70.113967830372",NA,"1",NA
"821","f","9.82685143290497","83","8","70.113967830372",NA,"0",NA
"822","f","9.82685143290497","83","8","70.113967830372",NA,"0",NA
"823","f","9.82685143290497","83","8","70.113967830372",NA,"0",NA
"824","f","9.82685143290497","83","8","70.113967830372",NA,"0",NA
"825","f","9.82685143290497","83","13","103.193257444348",NA,"1",NA
"826","f","9.82685143290497","83","13","103.193257444348",NA,"1",NA
"827","f","9.82685143290497","83","11","76.3431107041258",NA,"2",NA
"828","f","9.82685143290497","83","11","76.3431107041258",NA,"2",NA
"829","f","9.82685143290497","83","11","76.3431107041258",NA,"2",NA
"830","f","9.82685143290497","83","11","76.3431107041258",NA,"2",NA
"831","m","7.02624121946205","84","11","76.3431107041258",NA,"0",NA
"832","m","7.02624121946205","84","11","76.3431107041258",NA,"0",NA
"833","m","7.02624121946205","84","11","76.3431107041258",NA,"0",NA
"834","m","7.02624121946205","84","10","76.1554609068856",NA,"1",NA
"835","m","7.02624121946205","84","10","76.1554609068856",NA,"1",NA
"836","m","7.02624121946205","84","10","76.1554609068856",NA,"1",NA
"837","m","7.02624121946205","84","10","76.1554609068856",NA,"1",NA
"838","m","7.02624121946205","84","10","76.1554609068856",NA,"1",NA
"839","m","7.02624121946205","84","10","76.1554609068856",NA,"1",NA
"840","m","7.02624121946205","84","10","76.1554609068856",NA,"1",NA
"841","f","10.4466859549095","85","10","76.1554609068856",NA,"0",NA
"842","f","10.4466859549095","85","10","76.1554609068856",NA,"0",NA
"843","f","10.4466859549095","85","10","76.1554609068856",NA,"0",NA
"844","f","10.4466859549095","85","10","76.1554609068856",NA,"0",NA
"845","f","10.4466859549095","85","10","76.1554609068856",NA,"0",NA
"846","f","10.4466859549095","85","10","76.1554609068856",NA,"0",NA
"847","f","10.4466859549095","85","10","76.1554609068856",NA,"0",NA
"848","f","10.4466859549095","85","9","86.8895552293704",NA,"1",NA
"849","f","10.4466859549095","85","9","81.1078940340328",NA,"2",NA
"850","f","10.4466859549095","85","9","81.1078940340328",NA,"2",NA
"851","f","10.8118655507648","86","9","81.1078940340328",NA,"0",NA
"852","f","10.8118655507648","86","9","81.1078940340328",NA,"0",NA
"853","f","10.8118655507648","86","9","81.1078940340328",NA,"0",NA
"854","f","10.8118655507648","86","9","81.1078940340328",NA,"0",NA
"855","f","10.8118655507648","86","9","81.1078940340328",NA,"0",NA
"856","f","10.8118655507648","86","9","81.1078940340328",NA,"0",NA
"857","f","10.8118655507648","86","0","84.3096725269511",NA,"1",NA
"858","f","10.8118655507648","86","0","84.3096725269511",NA,"1",NA
"859","f","10.8118655507648","86","0","84.3096725269511",NA,"1",NA
"860","f","10.8118655507648","86","0","84.3096725269511",NA,"1",NA
"861","m","10.8000963692482","87","0","84.3096725269511",NA,"0",NA
"862","m","10.8000963692482","87","0","84.3096725269511",NA,"0",NA
"863","m","10.8000963692482","87","0","84.3096725269511",NA,"0",NA
"864","m","10.8000963692482","87","0","84.3096725269511",NA,"0",NA
"865","m","10.8000963692482","87","0","84.3096725269511",NA,"0",NA
"866","m","10.8000963692482","87","0","84.3096725269511",NA,"0",NA
"867","m","10.8000963692482","87","0","84.3096725269511",NA,"0",NA
"868","m","10.8000963692482","87","0","84.3096725269511",NA,"0",NA
"869","m","10.8000963692482","87","0","84.3096725269511",NA,"0",NA
"870","m","10.8000963692482","87","0","84.3096725269511",NA,"0",NA
"871","m","7.3861181545705","88","0","84.3096725269511",NA,"0",NA
"872","m","7.3861181545705","88","0","84.3096725269511",NA,"0",NA
"873","m","7.3861181545705","88","0","84.3096725269511",NA,"0",NA
"874","m","7.3861181545705","88","0","84.3096725269511",NA,"0",NA
"875","m","7.3861181545705","88","0","84.3096725269511",NA,"0",NA
"876","m","7.3861181545705","88","0","88.1478294894297",NA,"1",NA
"877","m","7.3861181545705","88","0","88.1478294894297",NA,"1",NA
"878","m","7.3861181545705","88","0","88.1478294894297",NA,"1",NA
"879","m","7.3861181545705","88","0","88.1478294894297",NA,"1",NA
"880","m","7.3861181545705","88","0","88.1478294894297",NA,"1",NA
"881","f","10.0749935249104","89","0","88.1478294894297",NA,"0",NA
"882","f","10.0749935249104","89","0","78.193321386931",NA,"1",NA
"883","f","10.0749935249104","89","0","78.193321386931",NA,"1",NA
"884","f","10.0749935249104","89","0","78.193321386931",NA,"1",NA
"885","f","10.0749935249104","89","0","78.193321386931",NA,"1",NA
"886","f","10.0749935249104","89","0","78.193321386931",NA,"1",NA
"887","f","10.0749935249104","89","0","78.193321386931",NA,"1",NA
"888","f","10.0749935249104","89","0","78.193321386931",NA,"1",NA
"889","f","10.0749935249104","89","0","78.193321386931",NA,"1",NA
"890","f","10.0749935249104","89","0","78.193321386931",NA,"1",NA
"891","f","12.4248453943705","90","0","78.193321386931",NA,"0",NA
"892","f","12.4248453943705","90","0","78.193321386931",NA,"0",NA
"893","f","12.4248453943705","90","0","78.193321386931",NA,"0",NA
"894","f","12.4248453943705","90","0","78.193321386931",NA,"0",NA
"895","f","12.4248453943705","90","0","78.193321386931",NA,"0",NA
"896","f","12.4248453943705","90","10","84.9474474450809",NA,"1",NA
"897","f","12.4248453943705","90","10","84.9474474450809",NA,"1",NA
"898","f","12.4248453943705","90","10","84.9474474450809",NA,"1",NA
"899","f","12.4248453943705","90","10","84.9474474450809",NA,"1",NA
"900","f","12.4248453943705","90","10","84.9474474450809",NA,"1",NA
"901","f","10.3413311458563","91","10","84.9474474450809",NA,"0",NA
"902","f","10.3413311458563","91","10","84.9474474450809",NA,"0",NA
"903","f","10.3413311458563","91","11","79.9812310373579",NA,"1",NA
"904","f","10.3413311458563","91","11","79.9812310373579",NA,"1",NA
"905","f","10.3413311458563","91","11","79.9812310373579",NA,"1",NA
"906","f","10.3413311458563","91","11","79.9812310373579",NA,"1",NA
"907","f","10.3413311458563","91","11","79.9812310373579",NA,"1",NA
"908","f","10.3413311458563","91","11","79.9812310373579",NA,"1",NA
"909","f","10.3413311458563","91","11","79.9812310373579",NA,"1",NA
"910","f","10.3413311458563","91","11","79.9812310373579",NA,"1",NA
"911","f","10.7476883174539","92","11","79.9812310373579",NA,"0",NA
"912","f","10.7476883174539","92","11","79.9812310373579",NA,"0",NA
"913","f","10.7476883174539","92","11","79.9812310373579",NA,"0",NA
"914","f","10.7476883174539","92","11","79.9812310373579",NA,"0",NA
"915","f","10.7476883174539","92","11","79.9812310373579",NA,"0",NA
"916","f","10.7476883174539","92","11","79.9812310373579",NA,"0",NA
"917","f","10.7476883174539","92","11","79.9812310373579",NA,"0",NA
"918","f","10.7476883174539","92","11","79.9812310373579",NA,"0",NA
"919","f","10.7476883174539","92","11","79.9812310373579",NA,"0",NA
"920","f","10.7476883174539","92","11","79.9812310373579",NA,"0",NA
"921","m","10.934977731492","93","11","79.9812310373579",NA,"0",NA
"922","m","10.934977731492","93","11","79.9812310373579",NA,"0",NA
"923","m","10.934977731492","93","11","79.9812310373579",NA,"0",NA
"924","m","10.934977731492","93","11","79.9812310373579",NA,"0",NA
"925","m","10.934977731492","93","11","79.9812310373579",NA,"0",NA
"926","m","10.934977731492","93","11","79.9812310373579",NA,"0",NA
"927","m","10.934977731492","93","11","79.9812310373579",NA,"0",NA
"928","m","10.934977731492","93","11","79.9812310373579",NA,"0",NA
"929","m","10.934977731492","93","11","79.9812310373579",NA,"0",NA
"930","m","10.934977731492","93","11","79.9812310373579",NA,"0",NA
"931","f","7.32748239283073","94","11","79.9812310373579",NA,"0",NA
"932","f","7.32748239283073","94","11","79.9812310373579",NA,"0",NA
"933","f","7.32748239283073","94","11","79.9812310373579",NA,"0",NA
"934","f","7.32748239283073","94","11","79.9812310373579",NA,"0",NA
"935","f","7.32748239283073","94","11","79.9812310373579",NA,"0",NA
"936","f","7.32748239283073","94","11","79.9812310373579",NA,"0",NA
"937","f","7.32748239283073","94","11","79.9812310373579",NA,"0",NA
"938","f","7.32748239283073","94","11","79.9812310373579",NA,"0",NA
"939","f","7.32748239283073","94","11","79.9812310373579",NA,"0",NA
"940","f","7.32748239283073","94","11","79.9812310373579",NA,"0",NA
"941","m","7.54882719420996","95","11","79.9812310373579",NA,"0",NA
"942","m","7.54882719420996","95","11","79.9812310373579",NA,"0",NA
"943","m","7.54882719420996","95","11","79.9812310373579",NA,"0",NA
"944","m","7.54882719420996","95","11","79.9812310373579",NA,"0",NA
"945","m","7.54882719420996","95","11","79.9812310373579",NA,"0",NA
"946","m","7.54882719420996","95","11","79.9812310373579",NA,"0",NA
"947","m","7.54882719420996","95","11","79.9812310373579",NA,"0",NA
"948","m","7.54882719420996","95","9","104.752467642957",NA,"1",NA
"949","m","7.54882719420996","95","0","82.5831680160497",NA,"2",NA
"950","m","7.54882719420996","95","0","82.5831680160497",NA,"2",NA
"951","f","8.72014906128207","96","0","82.5831680160497",NA,"0",NA
"952","f","8.72014906128207","96","0","82.5831680160497",NA,"0",NA
"953","f","8.72014906128207","96","0","82.5831680160497",NA,"0",NA
"954","f","8.72014906128207","96","0","82.5831680160497",NA,"0",NA
"955","f","8.72014906128207","96","0","82.5831680160497",NA,"0",NA
"956","f","8.72014906128207","96","0","82.5831680160497",NA,"0",NA
"957","f","8.72014906128207","96","0","82.5831680160497",NA,"0",NA
"958","f","8.72014906128207","96","0","82.5831680160497",NA,"0",NA
"959","f","8.72014906128207","96","0","82.5831680160497",NA,"0",NA
"960","f","8.72014906128207","96","0","82.5831680160497",NA,"0",NA
"961","m","9.93923294682219","97","0","90.7573495268237",NA,"1",NA
"962","m","9.93923294682219","97","0","90.7573495268237",NA,"1",NA
"963","m","9.93923294682219","97","0","90.7573495268237",NA,"1",NA
"964","m","9.93923294682219","97","0","90.7573495268237",NA,"1",NA
"965","m","9.93923294682219","97","0","90.7573495268237",NA,"1",NA
"966","m","9.93923294682219","97","0","90.7573495268237",NA,"1",NA
"967","m","9.93923294682219","97","0","90.7573495268237",NA,"1",NA
"968","m","9.93923294682219","97","0","90.7573495268237",NA,"1",NA
"969","m","9.93923294682219","97","0","90.7573495268237",NA,"1",NA
"970","m","9.93923294682219","97","0","90.7573495268237",NA,"1",NA
"971","m","9.12493271219914","98","0","90.7573495268237",NA,"0",NA
"972","m","9.12493271219914","98","0","89.1561003245486",NA,"1",NA
"973","m","9.12493271219914","98","0","89.1561003245486",NA,"1",NA
"974","m","9.12493271219914","98","0","89.1561003245486",NA,"1",NA
"975","m","9.12493271219914","98","0","89.1561003245486",NA,"1",NA
"976","m","9.12493271219914","98","0","90.580672412093",NA,"2",NA
"977","m","9.12493271219914","98","0","90.580672412093",NA,"2",NA
"978","m","9.12493271219914","98","0","90.580672412093",NA,"2",NA
"979","m","9.12493271219914","98","0","90.580672412093",NA,"2",NA
"980","m","9.12493271219914","98","0","90.580672412093",NA,"2",NA
"981","m","10.0494854914551","99","0","90.580672412093",NA,"0",NA
"982","m","10.0494854914551","99","0","90.580672412093",NA,"0",NA
"983","m","10.0494854914551","99","0","90.580672412093",NA,"0",NA
"984","m","10.0494854914551","99","0","90.580672412093",NA,"0",NA
"985","m","10.0494854914551","99","10","82.9074755610196",NA,"1",NA
"986","m","10.0494854914551","99","10","82.9074755610196",NA,"1",NA
"987","m","10.0494854914551","99","10","82.9074755610196",NA,"1",NA
"988","m","10.0494854914551","99","10","82.9074755610196",NA,"1",NA
"989","m","10.0494854914551","99","10","82.9074755610196",NA,"1",NA
"990","m","10.0494854914551","99","10","82.9074755610196",NA,"1",NA
"991","m","10.4785558024878","100","10","82.9074755610196",NA,"0",NA
"992","m","10.4785558024878","100","10","82.9074755610196",NA,"0",NA
"993","m","10.4785558024878","100","10","82.9074755610196",NA,"0",NA
"994","m","10.4785558024878","100","10","82.9074755610196",NA,"0",NA
"995","m","10.4785558024878","100","0","93.7342705192481",NA,"1",NA
"996","m","10.4785558024878","100","0","93.7342705192481",NA,"1",NA
"997","m","10.4785558024878","100","0","93.7342705192481",NA,"1",NA
"998","m","10.4785558024878","100","0","93.7342705192481",NA,"1",NA
"999","m","10.4785558024878","100","0","93.7342705192481",NA,"1",NA
"1000","m","10.4785558024878","100","0","93.7342705192481",NA,"1",NA
